{"train_accuracy": [0.9186, 0.9438, 0.9624, 0.9718, 0.9806, 0.987, 0.9894, 0.9928, 0.9954, 0.9954, 0.9974, 0.998, 0.9984, 0.9986, 0.9982, 0.9988, 0.9986, 0.9988, 0.9988, 0.9988], "test_loss": 0.20932270890316543, "test_accuracy": 0.939, "val_accuracy": [0.908, 0.92, 0.932, 0.925, 0.936, 0.94, 0.938, 0.947, 0.945, 0.944, 0.944, 0.944, 0.944, 0.944, 0.944, 0.942, 0.943, 0.943, 0.942, 0.943], "val_loss": [0.3056544284191185, 0.27701095284122956, 0.23755087276287695, 0.2310776835079204, 0.21223895537430046, 0.20381692203865404, 0.2046261703474756, 0.19684755721134992, 0.1892778658896187, 0.18610110889957335, 0.18341212612441643, 0.1840691168945458, 0.18318095541995263, 0.18274869334030405, 0.1839184069729959, 0.183114945081195, 0.182573401059782, 0.18290733431770215, 0.18292026295116293, 0.18175245478602683], "train_loss": [0.29035827754438376, 0.20334077811797244, 0.15204909182413495, 0.12568097391795807, 0.0976805174104809, 0.08280116765821952, 0.07508539258200791, 0.06722991048399815, 0.057945562064837336, 0.05442161804360263, 0.048775742705406216, 0.04824491979773509, 0.04767553625379803, 0.047308360732345046, 0.046946916316408425, 0.0464709020383614, 0.04610996737047563, 0.04571970862126894, 0.045386257170402546, 0.04518065796679755]}